tree_id,species_scientific,species_common,study_name,dbh_cm,height_m,cylindrical_volume_proxy_m3,above_ground_biomass_kg,latitude,longitude
baad_ps_586,Pinus sylvestris,Scots Pine,Albrektson1984,10.2,12.0,0.12485,26.227,60.0,16.0
baad_ps_587,Pinus sylvestris,Scots Pine,Albrektson1984,16.4,14.3,0.38461,65.387,60.0,16.0
baad_ps_588,Pinus sylvestris,Scots Pine,Albrektson1984,20.65,17.4,0.74197,129.237,60.0,16.0
baad_ps_592,Pinus sylvestris,Scots Pine,Albrektson1984,3.9,5.4,0.00821,1.796,60.0,16.0
baad_ps_593,Pinus sylvestris,Scots Pine,Albrektson1984,9.2,10.3,0.08718,16.674,60.0,16.0
baad_ps_594,Pinus sylvestris,Scots Pine,Albrektson1984,14.2,13.0,0.26213,51.171,60.0,16.0
baad_ps_598,Pinus sylvestris,Scots Pine,Albrektson1984,1.1,2.1,0.00025,0.291,60.0,16.0
baad_ps_599,Pinus sylvestris,Scots Pine,Albrektson1984,9.1,6.5,0.05383,12.201,60.0,16.0
baad_ps_600,Pinus sylvestris,Scots Pine,Albrektson1984,10.2,6.1,0.06346,14.193,60.0,16.0
baad_ps_604,Pinus sylvestris,Scots Pine,Albrektson1984,12.9,14.8,0.24629,43.407,60.0,16.0
baad_ps_605,Pinus sylvestris,Scots Pine,Albrektson1984,18.7,17.3,0.60496,135.221,60.0,16.0
baad_ps_606,Pinus sylvestris,Scots Pine,Albrektson1984,30.1,20.5,1.85732,342.237,60.0,16.0
baad_ps_610,Pinus sylvestris,Scots Pine,Albrektson1984,5.9,6.1,0.02123,5.233,60.0,16.0
baad_ps_611,Pinus sylvestris,Scots Pine,Albrektson1984,10.3,12.7,0.13473,26.992,60.0,16.0
baad_ps_612,Pinus sylvestris,Scots Pine,Albrektson1984,22.8,14.8,0.76936,122.576,60.0,16.0
baad_ps_616,Pinus sylvestris,Scots Pine,Albrektson1984,13.15,14.3,0.24728,44.872,60.0,16.0
baad_ps_617,Pinus sylvestris,Scots Pine,Albrektson1984,14.6,15.8,0.33679,66.564,60.0,16.0
baad_ps_618,Pinus sylvestris,Scots Pine,Albrektson1984,23.35,16.7,0.91052,154.563,60.0,16.0
baad_ps_622,Pinus sylvestris,Scots Pine,Albrektson1984,3.35,5.5,0.00617,1.571,60.0,16.0
baad_ps_623,Pinus sylvestris,Scots Pine,Albrektson1984,8.75,10.7,0.08192,16.823,60.0,16.0
baad_ps_624,Pinus sylvestris,Scots Pine,Albrektson1984,14.15,12.8,0.25628,48.322,60.0,16.0
baad_ps_628,Pinus sylvestris,Scots Pine,Albrektson1984,1.2,2.1,0.0003,0.336,60.0,16.0
baad_ps_629,Pinus sylvestris,Scots Pine,Albrektson1984,6.8,4.8,0.0222,6.191,60.0,16.0
baad_ps_630,Pinus sylvestris,Scots Pine,Albrektson1984,9.05,5.8,0.0475,11.989,60.0,16.0
baad_ps_634,Pinus sylvestris,Scots Pine,Albrektson1984,3.7,3.2,0.00438,1.885,60.0,16.0
baad_ps_635,Pinus sylvestris,Scots Pine,Albrektson1984,8.7,4.9,0.03709,13.422,60.0,16.0
baad_ps_636,Pinus sylvestris,Scots Pine,Albrektson1984,10.6,5.3,0.05955,19.092,60.0,16.0
baad_ps_637,Pinus sylvestris,Scots Pine,Albrektson1984,18.75,16.5,0.58008,127.13,60.0,16.0
baad_ps_638,Pinus sylvestris,Scots Pine,Albrektson1984,24.8,16.8,1.03327,196.071,60.0,16.0
baad_ps_639,Pinus sylvestris,Scots Pine,Albrektson1984,13.5,12.6,0.22963,40.459,60.0,16.0
baad_ps_640,Pinus sylvestris,Scots Pine,Albrektson1984,9.0,9.3,0.07533,10.865,60.0,16.0
baad_ps_641,Pinus sylvestris,Scots Pine,Albrektson1984,10.75,12.2,0.14099,23.85,60.0,16.0
baad_ps_642,Pinus sylvestris,Scots Pine,Albrektson1984,9.55,11.0,0.10032,20.055,60.0,16.0
baad_ps_643,Pinus sylvestris,Scots Pine,Albrektson1984,3.0,5.0,0.0045,1.281,60.0,16.0
baad_ps_644,Pinus sylvestris,Scots Pine,Albrektson1984,10.35,10.6,0.11355,19.983,60.0,16.0
baad_ps_645,Pinus sylvestris,Scots Pine,Albrektson1984,15.2,12.8,0.29573,55.796,60.0,16.0
baad_ps_646,Pinus sylvestris,Scots Pine,Albrektson1984,6.25,8.0,0.03125,6.461,60.0,16.0
baad_ps_647,Pinus sylvestris,Scots Pine,Albrektson1984,15.1,12.8,0.29185,55.897,60.0,16.0
baad_ps_648,Pinus sylvestris,Scots Pine,Albrektson1984,6.85,6.5,0.0305,4.724,60.0,16.0
baad_ps_649,Pinus sylvestris,Scots Pine,Albrektson1984,6.85,5.7,0.02675,5.935,60.0,16.0
baad_ps_650,Pinus sylvestris,Scots Pine,Albrektson1984,5.65,5.5,0.01756,4.617,60.0,16.0
baad_ps_651,Pinus sylvestris,Scots Pine,Albrektson1984,9.05,6.2,0.05078,10.736,60.0,16.0
baad_ps_652,Pinus sylvestris,Scots Pine,Albrektson1984,7.4,5.8,0.03176,8.035,60.0,16.0
baad_ps_653,Pinus sylvestris,Scots Pine,Albrektson1984,13.0,7.9,0.13351,21.126,60.0,16.0
baad_ps_654,Pinus sylvestris,Scots Pine,Albrektson1984,9.2,7.8,0.06602,13.157,60.0,16.0
baad_ps_655,Pinus sylvestris,Scots Pine,Albrektson1984,9.6,7.8,0.07188,14.345,60.0,16.0
baad_ps_656,Pinus sylvestris,Scots Pine,Albrektson1984,8.0,6.3,0.04032,7.014,60.0,16.0
baad_ps_657,Pinus sylvestris,Scots Pine,Albrektson1984,10.0,7.0,0.07,12.753,60.0,16.0
baad_ps_658,Pinus sylvestris,Scots Pine,Albrektson1984,10.15,6.6,0.06799,13.687,60.0,16.0
baad_ps_659,Pinus sylvestris,Scots Pine,Albrektson1984,11.5,12.8,0.16928,34.454,60.0,16.0
baad_ps_660,Pinus sylvestris,Scots Pine,Albrektson1984,12.25,12.4,0.18608,34.144,60.0,16.0
baad_ps_661,Pinus sylvestris,Scots Pine,Albrektson1984,16.5,11.7,0.31853,47.046,60.0,16.0
baad_ps_662,Pinus sylvestris,Scots Pine,Albrektson1984,8.9,10.8,0.08555,18.412,60.0,16.0
baad_ps_663,Pinus sylvestris,Scots Pine,Albrektson1984,16.6,14.8,0.40783,66.347,60.0,16.0
baad_ps_664,Pinus sylvestris,Scots Pine,Albrektson1984,13.1,13.9,0.23854,41.841,60.0,16.0
baad_ps_665,Pinus sylvestris,Scots Pine,Albrektson1984,14.35,13.6,0.28005,55.867,60.0,16.0
baad_ps_666,Pinus sylvestris,Scots Pine,Albrektson1984,6.85,6.9,0.03238,7.433,60.0,16.0
baad_ps_667,Pinus sylvestris,Scots Pine,Albrektson1984,8.1,10.5,0.06889,13.444,60.0,16.0
baad_ps_668,Pinus sylvestris,Scots Pine,Albrektson1984,10.75,10.5,0.12134,26.881,60.0,16.0
baad_ps_669,Pinus sylvestris,Scots Pine,Albrektson1984,17.25,15.8,0.47015,86.364,60.0,16.0
baad_ps_670,Pinus sylvestris,Scots Pine,Albrektson1984,11.15,13.1,0.16286,32.356,60.0,16.0
baad_ps_671,Pinus sylvestris,Scots Pine,Albrektson1984,20.65,18.8,0.80167,123.998,60.0,16.0
baad_ps_672,Pinus sylvestris,Scots Pine,Albrektson1984,21.95,18.9,0.91061,153.105,60.0,16.0
baad_ps_673,Pinus sylvestris,Scots Pine,Albrektson1984,22.5,20.7,1.04794,192.766,60.0,16.0
baad_ps_674,Pinus sylvestris,Scots Pine,Albrektson1984,24.35,20.1,1.19177,216.335,60.0,16.0
baad_ps_675,Pinus sylvestris,Scots Pine,Albrektson1984,24.1,19.5,1.13258,221.142,60.0,16.0
baad_ps_676,Pinus sylvestris,Scots Pine,Albrektson1984,28.55,20.1,1.63835,239.021,60.0,16.0
baad_ps_677,Pinus sylvestris,Scots Pine,Albrektson1984,31.05,22.2,2.14031,345.489,60.0,16.0
baad_ps_678,Pinus sylvestris,Scots Pine,Albrektson1984,29.5,22.0,1.91455,304.425,60.0,16.0
baad_ps_679,Pinus sylvestris,Scots Pine,Albrektson1984,8.8,6.0,0.04646,11.398,60.0,16.0
baad_ps_680,Pinus sylvestris,Scots Pine,Albrektson1984,9.5,6.02,0.05433,10.783,60.0,16.0
baad_ps_681,Pinus sylvestris,Scots Pine,Albrektson1984,12.2,6.19,0.09213,19.982,60.0,16.0
baad_ps_682,Pinus sylvestris,Scots Pine,Albrektson1984,7.2,5.32,0.02758,6.905,60.0,16.0
baad_ps_683,Pinus sylvestris,Scots Pine,Albrektson1984,8.8,5.69,0.04406,9.789,60.0,16.0
baad_ps_684,Pinus sylvestris,Scots Pine,Albrektson1984,11.8,6.66,0.09273,8.774,60.0,16.0
baad_ps_685,Pinus sylvestris,Scots Pine,Albrektson1984,7.0,4.86,0.02381,5.948,60.0,16.0
baad_ps_686,Pinus sylvestris,Scots Pine,Albrektson1984,8.8,5.77,0.04468,10.977,60.0,16.0
baad_ps_687,Pinus sylvestris,Scots Pine,Albrektson1984,11.5,6.98,0.09231,19.378,60.0,16.0
baad_ps_688,Pinus sylvestris,Scots Pine,Albrektson1984,7.8,5.32,0.03237,7.947,60.0,16.0
baad_ps_689,Pinus sylvestris,Scots Pine,Albrektson1984,9.8,6.43,0.06175,13.514,60.0,16.0
baad_ps_690,Pinus sylvestris,Scots Pine,Albrektson1984,12.0,6.51,0.09374,19.963,60.0,16.0
baad_ps_691,Pinus sylvestris,Scots Pine,Albrektson1984,11.2,6.22,0.07802,19.804,60.0,16.0
baad_ps_692,Pinus sylvestris,Scots Pine,Albrektson1984,12.6,6.66,0.10573,25.444,60.0,16.0
baad_ps_693,Pinus sylvestris,Scots Pine,Albrektson1984,14.6,7.58,0.16158,34.941,60.0,16.0
baad_ps_694,Pinus sylvestris,Scots Pine,Albrektson1984,10.2,6.54,0.06804,14.85,60.0,16.0
baad_ps_695,Pinus sylvestris,Scots Pine,Albrektson1984,11.3,6.66,0.08504,21.117,60.0,16.0
baad_ps_696,Pinus sylvestris,Scots Pine,Albrektson1984,14.6,7.22,0.1539,30.543,60.0,16.0
baad_ps_697,Pinus sylvestris,Scots Pine,Albrektson1984,9.3,5.28,0.04567,13.101,60.0,16.0
baad_ps_698,Pinus sylvestris,Scots Pine,Albrektson1984,11.6,5.77,0.07764,19.728,60.0,16.0
baad_ps_699,Pinus sylvestris,Scots Pine,Albrektson1984,13.9,6.18,0.1194,28.531,60.0,16.0
baad_ps_700,Pinus sylvestris,Scots Pine,Albrektson1984,9.4,4.83,0.04268,10.575,60.0,16.0
baad_ps_701,Pinus sylvestris,Scots Pine,Albrektson1984,11.2,6.46,0.08103,17.315,60.0,16.0
baad_ps_702,Pinus sylvestris,Scots Pine,Albrektson1984,13.4,6.55,0.11761,31.285,60.0,16.0
baad_ps_703,Pinus sylvestris,Scots Pine,Albrektson1984,9.8,5.62,0.05397,13.318,60.0,16.0
baad_ps_704,Pinus sylvestris,Scots Pine,Albrektson1984,11.0,5.92,0.07163,19.246,60.0,16.0
baad_ps_705,Pinus sylvestris,Scots Pine,Albrektson1984,14.7,5.47,0.1182,29.238,60.0,16.0
baad_ps_706,Pinus sylvestris,Scots Pine,Albrektson1984,10.6,6.01,0.06753,16.517,60.0,16.0
baad_ps_707,Pinus sylvestris,Scots Pine,Albrektson1984,11.6,6.31,0.08491,20.471,60.0,16.0
baad_ps_708,Pinus sylvestris,Scots Pine,Albrektson1984,14.6,7.04,0.15006,31.8,60.0,16.0
baad_ps_709,Pinus sylvestris,Scots Pine,Albrektson1984,8.9,4.73,0.03747,9.785,60.0,16.0
baad_ps_710,Pinus sylvestris,Scots Pine,Albrektson1984,12.8,5.2,0.0852,14.104,60.0,16.0
baad_ps_711,Pinus sylvestris,Scots Pine,Albrektson1984,12.8,6.15,0.10076,24.029,60.0,16.0
baad_ps_712,Pinus sylvestris,Scots Pine,Albrektson1984,8.8,5.22,0.04042,13.11,60.0,16.0
baad_ps_713,Pinus sylvestris,Scots Pine,Albrektson1984,10.7,5.42,0.06205,16.161,60.0,16.0
baad_ps_714,Pinus sylvestris,Scots Pine,Albrektson1984,13.6,6.73,0.12448,26.424,60.0,16.0
baad_ps_715,Pinus sylvestris,Scots Pine,Albrektson1984,9.3,5.85,0.0506,12.35,60.0,16.0
baad_ps_716,Pinus sylvestris,Scots Pine,Albrektson1984,11.4,5.35,0.06953,19.098,60.0,16.0
baad_ps_717,Pinus sylvestris,Scots Pine,Albrektson1984,13.8,6.26,0.11922,29.03,60.0,16.0
baad_ps_718,Pinus sylvestris,Scots Pine,Albrektson1984,7.2,4.39,0.02276,7.2,60.0,16.0
baad_ps_719,Pinus sylvestris,Scots Pine,Albrektson1984,9.2,4.95,0.0419,9.74,60.0,16.0
baad_ps_720,Pinus sylvestris,Scots Pine,Albrektson1984,12.1,6.18,0.09048,18.642,60.0,16.0
baad_ps_721,Pinus sylvestris,Scots Pine,Albrektson1984,7.7,4.65,0.02757,10.569,60.0,16.0
baad_ps_722,Pinus sylvestris,Scots Pine,Albrektson1984,9.9,4.77,0.04675,14.845,60.0,16.0
baad_ps_723,Pinus sylvestris,Scots Pine,Albrektson1984,13.0,6.15,0.10393,22.332,60.0,16.0
baad_ps_724,Pinus sylvestris,Scots Pine,Albrektson1984,8.2,5.09,0.03423,10.27,60.0,16.0
baad_ps_725,Pinus sylvestris,Scots Pine,Albrektson1984,10.2,5.18,0.05389,13.353,60.0,16.0
baad_ps_726,Pinus sylvestris,Scots Pine,Albrektson1984,13.1,5.6,0.0961,18.412,60.0,16.0
baad_ps_727,Pinus sylvestris,Scots Pine,Albrektson1984,9.4,5.32,0.04701,11.416,60.0,16.0
baad_ps_728,Pinus sylvestris,Scots Pine,Albrektson1984,11.0,5.65,0.06836,19.14,60.0,16.0
baad_ps_729,Pinus sylvestris,Scots Pine,Albrektson1984,14.0,6.63,0.12995,30.914,60.0,16.0
baad_ps_730,Pinus sylvestris,Scots Pine,Albrektson1984,8.5,4.76,0.03439,9.888,60.0,16.0
baad_ps_731,Pinus sylvestris,Scots Pine,Albrektson1984,11.0,6.07,0.07345,19.353,60.0,16.0
baad_ps_732,Pinus sylvestris,Scots Pine,Albrektson1984,13.8,6.74,0.12836,29.282,60.0,16.0
baad_ps_733,Pinus sylvestris,Scots Pine,Albrektson1984,9.0,4.92,0.03985,10.213,60.0,16.0
baad_ps_734,Pinus sylvestris,Scots Pine,Albrektson1984,11.4,5.43,0.07057,16.968,60.0,16.0
baad_ps_735,Pinus sylvestris,Scots Pine,Albrektson1984,14.2,6.5,0.13107,26.247,60.0,16.0
baad_ps_736,Pinus sylvestris,Scots Pine,Albrektson1984,7.6,4.32,0.02495,8.851,60.0,16.0
baad_ps_737,Pinus sylvestris,Scots Pine,Albrektson1984,10.4,5.07,0.05484,15.726,60.0,16.0
baad_ps_738,Pinus sylvestris,Scots Pine,Albrektson1984,12.4,5.88,0.09041,19.828,60.0,16.0
baad_ps_739,Pinus sylvestris,Scots Pine,Albrektson1984,9.4,4.99,0.04409,12.221,60.0,16.0
baad_ps_740,Pinus sylvestris,Scots Pine,Albrektson1984,11.9,5.43,0.07689,19.898,60.0,16.0
baad_ps_741,Pinus sylvestris,Scots Pine,Albrektson1984,13.2,6.58,0.11465,26.259,60.0,16.0
baad_ps_742,Pinus sylvestris,Scots Pine,Albrektson1984,6.8,4.85,0.02243,6.625,60.0,16.0
baad_ps_743,Pinus sylvestris,Scots Pine,Albrektson1984,8.0,5.57,0.03565,10.856,60.0,16.0
baad_ps_744,Pinus sylvestris,Scots Pine,Albrektson1984,11.6,6.8,0.0915,19.996,60.0,16.0
baad_ps_745,Pinus sylvestris,Scots Pine,Albrektson1984,10.2,5.79,0.06024,15.957,60.0,16.0
baad_ps_746,Pinus sylvestris,Scots Pine,Albrektson1984,12.5,5.24,0.08187,18.622,60.0,16.0
baad_ps_747,Pinus sylvestris,Scots Pine,Albrektson1984,13.6,6.11,0.11301,33.323,60.0,16.0
baad_ps_748,Pinus sylvestris,Scots Pine,Albrektson1984,18.15,17.32,0.57056,108.049,60.0,16.0
baad_ps_749,Pinus sylvestris,Scots Pine,Albrektson1984,20.15,21.28,0.86402,161.721,60.0,16.0
baad_ps_750,Pinus sylvestris,Scots Pine,Albrektson1984,20.7,18.73,0.80256,148.699,60.0,16.0
baad_ps_751,Pinus sylvestris,Scots Pine,Albrektson1984,23.0,22.92,1.21247,230.827,60.0,16.0
baad_ps_752,Pinus sylvestris,Scots Pine,Albrektson1984,24.4,22.39,1.33301,230.066,60.0,16.0
baad_ps_753,Pinus sylvestris,Scots Pine,Albrektson1984,22.0,21.71,1.05076,211.636,60.0,16.0
baad_ps_754,Pinus sylvestris,Scots Pine,Albrektson1984,30.25,24.04,2.19981,347.339,60.0,16.0
baad_ps_755,Pinus sylvestris,Scots Pine,Albrektson1984,29.65,20.64,1.81451,309.21,60.0,16.0
baad_ps_756,Pinus sylvestris,Scots Pine,Albrektson1984,28.0,25.55,2.00312,353.232,60.0,16.0
baad_ps_757,Pinus sylvestris,Scots Pine,Albrektson1984,30.55,21.08,1.9674,404.136,60.0,16.0
baad_ps_758,Pinus sylvestris,Scots Pine,Albrektson1984,33.7,24.11,2.73815,453.125,60.0,16.0
baad_ps_759,Pinus sylvestris,Scots Pine,Albrektson1984,32.2,25.18,2.61076,446.007,60.0,16.0
baad_ps_760,Pinus sylvestris,Scots Pine,Albrektson1984,36.8,24.1,3.26372,573.066,60.0,16.0
baad_ps_761,Pinus sylvestris,Scots Pine,Albrektson1984,37.05,25.54,3.50588,588.223,60.0,16.0
baad_ps_762,Pinus sylvestris,Scots Pine,Albrektson1984,40.0,25.2,4.032,725.469,60.0,16.0
baad_ps_763,Pinus sylvestris,Scots Pine,Albrektson1984,11.6,9.8,0.13187,27.993,60.0,16.0
baad_ps_764,Pinus sylvestris,Scots Pine,Albrektson1984,12.0,9.6,0.13824,25.536,60.0,16.0
baad_ps_765,Pinus sylvestris,Scots Pine,Albrektson1984,11.0,9.7,0.11737,25.671,60.0,16.0
baad_ps_766,Pinus sylvestris,Scots Pine,Albrektson1984,11.8,11.2,0.15595,31.269,60.0,16.0
baad_ps_767,Pinus sylvestris,Scots Pine,Albrektson1984,14.2,10.9,0.21979,40.642,60.0,16.0
baad_ps_768,Pinus sylvestris,Scots Pine,Albrektson1984,13.1,12.4,0.2128,44.695,60.0,16.0
baad_ps_769,Pinus sylvestris,Scots Pine,Albrektson1984,11.2,8.7,0.10913,22.769,60.0,16.0
baad_ps_770,Pinus sylvestris,Scots Pine,Albrektson1984,11.7,8.8,0.12046,24.124,60.0,16.0
baad_ps_771,Pinus sylvestris,Scots Pine,Albrektson1984,12.9,10.6,0.17639,35.255,60.0,16.0
baad_ps_772,Pinus sylvestris,Scots Pine,Albrektson1984,13.1,11.8,0.2025,41.05,60.0,16.0
baad_ps_774,Pinus sylvestris,Scots Pine,Albrektson1984,11.4,10.3,0.13386,29.658,60.0,16.0
baad_ps_17002,Pinus sylvestris,Scots Pine,SantaRegina1999,2.5,2.7,0.00169,1.6,42.33,-3.183
baad_ps_17003,Pinus sylvestris,Scots Pine,SantaRegina1999,17.5,12.4,0.37975,56.5,42.33,-3.183
baad_ps_17004,Pinus sylvestris,Scots Pine,SantaRegina1999,19.1,15.4,0.56181,102.6,42.33,-3.183
baad_ps_17005,Pinus sylvestris,Scots Pine,SantaRegina1999,23.5,12.1,0.66822,171.4,42.33,-3.183
baad_ps_17006,Pinus sylvestris,Scots Pine,SantaRegina1999,25.0,13.9,0.86875,151.0,42.33,-3.183
baad_ps_17007,Pinus sylvestris,Scots Pine,SantaRegina1999,33.2,15.7,1.73052,265.8,42.33,-3.183
baad_ps_17008,Pinus sylvestris,Scots Pine,SantaRegina1999,36.5,12.6,1.67863,399.9,42.33,-3.183
baad_ps_19129,Pinus sylvestris,Scots Pine,Vanninen2005,10.95,8.9,0.10671,23.29,62.05,24.817
baad_ps_19130,Pinus sylvestris,Scots Pine,Vanninen2005,11.7,9.7,0.13278,33.39,62.05,24.817
baad_ps_19131,Pinus sylvestris,Scots Pine,Vanninen2005,25.5,20.1,1.307,207.3,62.067,23.85
baad_ps_19132,Pinus sylvestris,Scots Pine,Vanninen2005,22.5,22.1,1.11881,309.14,62.067,23.85
baad_ps_19133,Pinus sylvestris,Scots Pine,Vanninen2005,7.8,5.0,0.03042,10.85,62.05,24.817
baad_ps_19134,Pinus sylvestris,Scots Pine,Vanninen2005,9.3,5.6,0.04843,13.44,62.05,24.817
baad_ps_19135,Pinus sylvestris,Scots Pine,Vanninen2005,21.7,16.6,0.78168,148.89,60.367,25.017
baad_ps_19136,Pinus sylvestris,Scots Pine,Vanninen2005,21.55,17.9,0.83128,188.44,60.367,25.017
baad_ps_19137,Pinus sylvestris,Scots Pine,Vanninen2005,29.2,22.5,1.91844,341.84,60.367,25.017
baad_ps_19138,Pinus sylvestris,Scots Pine,Vanninen2005,27.65,24.8,1.89602,354.86,60.367,25.017
baad_ps_19139,Pinus sylvestris,Scots Pine,Vanninen2005,15.3,13.2,0.309,80.15,62.067,23.85
baad_ps_19140,Pinus sylvestris,Scots Pine,Vanninen2005,17.45,14.3,0.43544,94.41,62.067,23.85
baad_ps_19141,Pinus sylvestris,Scots Pine,Vanninen2005,34.15,25.5,2.97387,702.99,62.067,23.85
baad_ps_19142,Pinus sylvestris,Scots Pine,Vanninen2005,37.95,26.2,3.77333,578.75,62.067,23.85
baad_ps_19143,Pinus sylvestris,Scots Pine,Vanninen2005,15.2,9.5,0.21949,46.47,62.067,23.85
baad_ps_19144,Pinus sylvestris,Scots Pine,Vanninen2005,14.35,13.5,0.278,74.28,62.067,23.85
baad_ps_19145,Pinus sylvestris,Scots Pine,Vanninen2005,41.95,32.2,5.66656,880.38,62.05,24.817
baad_ps_19146,Pinus sylvestris,Scots Pine,Vanninen2005,41.05,32.4,5.45973,1106.58,62.05,24.817
baad_ps_19147,Pinus sylvestris,Scots Pine,Vanninen2005,6.05,9.96,0.03646,5.371,61.8,24.317
baad_ps_19148,Pinus sylvestris,Scots Pine,Vanninen2005,8.25,10.05,0.0684,8.075,61.8,24.317
baad_ps_19149,Pinus sylvestris,Scots Pine,Vanninen2005,8.15,10.55,0.07008,8.959,61.8,24.317
baad_ps_19150,Pinus sylvestris,Scots Pine,Vanninen2005,8.3,10.74,0.07399,8.981,61.8,24.317
baad_ps_19151,Pinus sylvestris,Scots Pine,Vanninen2005,9.9,10.8,0.10585,12.435,61.8,24.317
baad_ps_19152,Pinus sylvestris,Scots Pine,Vanninen2005,12.45,11.09,0.1719,51.403,61.8,24.317
baad_ps_19153,Pinus sylvestris,Scots Pine,Vanninen2005,13.35,11.48,0.2046,26.779,61.8,24.317
baad_ps_19154,Pinus sylvestris,Scots Pine,Vanninen2005,11.1,11.54,0.14218,14.45,61.8,24.317
baad_ps_19155,Pinus sylvestris,Scots Pine,Vanninen2005,12.2,11.75,0.17489,21.798,61.8,24.317
baad_ps_19156,Pinus sylvestris,Scots Pine,Vanninen2005,14.45,12.27,0.2562,28.787,61.8,24.317
baad_ps_19157,Pinus sylvestris,Scots Pine,Vanninen2005,9.25,12.41,0.10618,12.725,61.8,24.317
baad_ps_19158,Pinus sylvestris,Scots Pine,Vanninen2005,13.7,12.43,0.2333,26.278,61.8,24.317
baad_ps_19159,Pinus sylvestris,Scots Pine,Vanninen2005,17.6,12.76,0.39525,39.681,61.8,24.317
baad_ps_19160,Pinus sylvestris,Scots Pine,Vanninen2005,16.75,13.32,0.37371,34.093,61.8,24.317
baad_ps_19161,Pinus sylvestris,Scots Pine,Vanninen2005,19.2,13.57,0.50024,49.095,61.8,24.317
baad_ps_19162,Pinus sylvestris,Scots Pine,Vanninen2005,10.15,11.11,0.11446,13.854,61.8,24.317
baad_ps_19163,Pinus sylvestris,Scots Pine,Vanninen2005,12.05,11.52,0.16727,21.27,61.8,24.317
baad_ps_19164,Pinus sylvestris,Scots Pine,Vanninen2005,13.35,12.3,0.21921,25.272,61.8,24.317
baad_ps_19165,Pinus sylvestris,Scots Pine,Vanninen2005,16.89,12.83,0.366,41.644,61.8,24.317
baad_ps_19166,Pinus sylvestris,Scots Pine,Vanninen2005,12.8,12.98,0.21266,28.637,61.8,24.317
baad_ps_19167,Pinus sylvestris,Scots Pine,Vanninen2005,16.89,13.26,0.37827,39.408,61.8,24.317
baad_ps_19168,Pinus sylvestris,Scots Pine,Vanninen2005,22.85,13.77,0.71896,72.208,61.8,24.317
baad_ps_19169,Pinus sylvestris,Scots Pine,Vanninen2005,16.25,14.13,0.37312,43.016,61.8,24.317
baad_ps_19170,Pinus sylvestris,Scots Pine,Vanninen2005,18.05,14.17,0.46166,56.406,61.8,24.317
baad_ps_19171,Pinus sylvestris,Scots Pine,Vanninen2005,15.1,14.23,0.32446,33.481,61.8,24.317
baad_ps_19172,Pinus sylvestris,Scots Pine,Vanninen2005,14.05,14.46,0.28544,37.2,61.8,24.317
baad_ps_19173,Pinus sylvestris,Scots Pine,Vanninen2005,18.45,14.6,0.49699,53.755,61.8,24.317
baad_ps_19174,Pinus sylvestris,Scots Pine,Vanninen2005,17.25,14.72,0.43801,50.939,61.8,24.317
baad_ps_19175,Pinus sylvestris,Scots Pine,Vanninen2005,16.85,14.73,0.41822,48.814,61.8,24.317
baad_ps_19176,Pinus sylvestris,Scots Pine,Vanninen2005,17.7,15.32,0.47996,55.843,61.8,24.317
baad_ps_19177,Pinus sylvestris,Scots Pine,Vanninen2005,12.5,18.35,0.28672,54.356,61.283,27.0
baad_ps_19178,Pinus sylvestris,Scots Pine,Vanninen2005,13.2,18.47,0.32182,60.91,61.283,27.0
baad_ps_19179,Pinus sylvestris,Scots Pine,Vanninen2005,17.3,19.0,0.56865,104.511,61.283,27.0
baad_ps_19180,Pinus sylvestris,Scots Pine,Vanninen2005,17.8,19.45,0.61625,110.214,61.283,27.0
baad_ps_19181,Pinus sylvestris,Scots Pine,Vanninen2005,14.9,20.65,0.45845,87.942,61.283,27.0
baad_ps_19182,Pinus sylvestris,Scots Pine,Vanninen2005,19.3,20.8,0.77478,152.516,61.283,27.0
baad_ps_19183,Pinus sylvestris,Scots Pine,Vanninen2005,19.3,21.6,0.80458,147.433,61.283,27.0
baad_ps_19184,Pinus sylvestris,Scots Pine,Vanninen2005,18.1,21.71,0.71124,125.771,61.283,27.0
baad_ps_19185,Pinus sylvestris,Scots Pine,Vanninen2005,15.8,21.83,0.54496,105.833,61.283,27.0
baad_ps_19186,Pinus sylvestris,Scots Pine,Vanninen2005,21.2,21.89,0.98382,168.45,61.283,27.0
baad_ps_19187,Pinus sylvestris,Scots Pine,Vanninen2005,18.5,21.95,0.75124,140.006,61.283,27.0
baad_ps_19188,Pinus sylvestris,Scots Pine,Vanninen2005,16.2,22.0,0.57737,108.118,61.283,27.0
baad_ps_19189,Pinus sylvestris,Scots Pine,Vanninen2005,15.2,22.89,0.52885,95.778,61.283,27.0
baad_ps_19190,Pinus sylvestris,Scots Pine,Vanninen2005,23.0,23.7,1.25373,237.447,61.283,27.0
baad_ps_19191,Pinus sylvestris,Scots Pine,Vanninen2005,18.2,24.0,0.79498,137.152,61.283,27.0
baad_ps_19192,Pinus sylvestris,Scots Pine,Vanninen2005,20.8,24.23,1.04829,175.908,61.283,27.0
baad_ps_19193,Pinus sylvestris,Scots Pine,Vanninen2005,23.7,24.3,1.36491,268.417,61.283,27.0
baad_ps_19194,Pinus sylvestris,Scots Pine,Vanninen2005,24.2,24.85,1.45532,279.857,61.283,27.0
baad_ps_19195,Pinus sylvestris,Scots Pine,Vanninen2005,26.6,26.73,1.89131,323.934,61.283,27.0
baad_ps_19196,Pinus sylvestris,Scots Pine,Vanninen2005,6.1,11.61,0.0432,7.921,61.333,25.0
baad_ps_19197,Pinus sylvestris,Scots Pine,Vanninen2005,8.0,14.0,0.0896,17.298,61.333,25.0
baad_ps_19198,Pinus sylvestris,Scots Pine,Vanninen2005,10.9,14.35,0.17049,33.008,61.333,25.0
baad_ps_19199,Pinus sylvestris,Scots Pine,Vanninen2005,10.9,14.6,0.17346,25.306,61.333,25.0
baad_ps_19200,Pinus sylvestris,Scots Pine,Vanninen2005,15.3,14.8,0.34645,68.286,61.333,25.0
baad_ps_19201,Pinus sylvestris,Scots Pine,Vanninen2005,8.8,15.1,0.11693,21.003,61.333,25.0
baad_ps_19202,Pinus sylvestris,Scots Pine,Vanninen2005,16.9,15.4,0.43984,87.939,61.333,25.0
baad_ps_19203,Pinus sylvestris,Scots Pine,Vanninen2005,11.0,15.7,0.18997,37.368,61.333,25.0
baad_ps_19204,Pinus sylvestris,Scots Pine,Vanninen2005,18.2,16.7,0.55317,101.214,61.333,25.0
baad_ps_19205,Pinus sylvestris,Scots Pine,Vanninen2005,18.7,16.75,0.58573,105.455,61.333,25.0
baad_ps_19206,Pinus sylvestris,Scots Pine,Vanninen2005,18.4,17.35,0.5874,106.185,61.333,25.0
baad_ps_19207,Pinus sylvestris,Scots Pine,Vanninen2005,24.9,18.45,1.14392,181.976,61.333,25.0
baad_ps_19208,Pinus sylvestris,Scots Pine,Vanninen2005,1.75,3.32,0.00102,0.465,61.8,24.317
baad_ps_19209,Pinus sylvestris,Scots Pine,Vanninen2005,1.95,3.34,0.00127,0.465,61.8,24.317
baad_ps_19210,Pinus sylvestris,Scots Pine,Vanninen2005,1.9,3.72,0.00134,0.542,61.8,24.317
baad_ps_19211,Pinus sylvestris,Scots Pine,Vanninen2005,2.9,3.87,0.00325,1.13,61.8,24.317
baad_ps_19212,Pinus sylvestris,Scots Pine,Vanninen2005,3.0,4.42,0.00398,1.246,61.8,24.317
baad_ps_19213,Pinus sylvestris,Scots Pine,Vanninen2005,4.6,4.7,0.00995,3.08,61.8,24.317
baad_ps_19214,Pinus sylvestris,Scots Pine,Vanninen2005,4.2,4.98,0.00878,3.013,61.8,24.317
baad_ps_19215,Pinus sylvestris,Scots Pine,Vanninen2005,3.55,5.1,0.00643,1.865,61.8,24.317
baad_ps_19216,Pinus sylvestris,Scots Pine,Vanninen2005,5.6,5.32,0.01668,4.111,61.8,24.317
baad_ps_19217,Pinus sylvestris,Scots Pine,Vanninen2005,4.75,5.65,0.01275,3.198,61.8,24.317
baad_ps_19218,Pinus sylvestris,Scots Pine,Vanninen2005,7.7,5.66,0.03356,9.235,61.8,24.317
baad_ps_19219,Pinus sylvestris,Scots Pine,Vanninen2005,6.75,5.69,0.02593,7.733,61.8,24.317
baad_ps_19220,Pinus sylvestris,Scots Pine,Vanninen2005,7.45,5.7,0.03164,7.996,61.8,24.317
baad_ps_19221,Pinus sylvestris,Scots Pine,Vanninen2005,6.1,5.86,0.02181,4.818,61.8,24.317
baad_ps_19222,Pinus sylvestris,Scots Pine,Vanninen2005,6.55,6.1,0.02617,7.016,61.8,24.317
baad_ps_19223,Pinus sylvestris,Scots Pine,Vanninen2005,8.5,6.45,0.0466,10.497,61.8,24.317
baad_ps_19224,Pinus sylvestris,Scots Pine,Vanninen2005,7.1,6.59,0.03322,9.077,61.8,24.317
baad_ps_19225,Pinus sylvestris,Scots Pine,Vanninen2005,8.1,6.7,0.04396,12.085,61.8,24.317
baad_ps_19226,Pinus sylvestris,Scots Pine,Vanninen2005,6.2,6.8,0.02614,6.361,61.8,24.317
baad_ps_19227,Pinus sylvestris,Scots Pine,Vanninen2005,9.95,7.08,0.07009,18.831,61.8,24.317
baad_ps_19228,Pinus sylvestris,Scots Pine,Vanninen2005,9.65,7.2,0.06705,14.467,61.8,24.317
baad_ps_19229,Pinus sylvestris,Scots Pine,Vanninen2005,11.8,7.21,0.10039,29.208,61.8,24.317
baad_ps_19230,Pinus sylvestris,Scots Pine,Vanninen2005,8.85,7.35,0.05757,12.842,61.8,24.317
baad_ps_19231,Pinus sylvestris,Scots Pine,Vanninen2005,8.6,7.48,0.05532,12.095,61.8,24.317
baad_ps_19232,Pinus sylvestris,Scots Pine,Vanninen2005,4.6,7.16,0.01515,4.945,62.05,24.817
baad_ps_19233,Pinus sylvestris,Scots Pine,Vanninen2005,5.0,7.96,0.0199,5.24,62.05,24.817
baad_ps_19234,Pinus sylvestris,Scots Pine,Vanninen2005,14.85,17.35,0.38261,91.666,62.067,23.85
baad_ps_19235,Pinus sylvestris,Scots Pine,Vanninen2005,14.45,19.11,0.39902,97.521,62.067,23.85
baad_ps_19236,Pinus sylvestris,Scots Pine,Vanninen2005,6.05,5.62,0.02057,5.647,62.05,24.817
baad_ps_19237,Pinus sylvestris,Scots Pine,Vanninen2005,6.75,6.76,0.0308,7.459,62.05,24.817
baad_ps_19238,Pinus sylvestris,Scots Pine,Vanninen2005,15.6,16.41,0.39935,76.261,60.367,25.017
baad_ps_19239,Pinus sylvestris,Scots Pine,Vanninen2005,16.15,17.8,0.46426,108.255,60.367,25.017
baad_ps_19240,Pinus sylvestris,Scots Pine,Vanninen2005,20.0,21.39,0.8556,192.898,60.367,25.017
baad_ps_19241,Pinus sylvestris,Scots Pine,Vanninen2005,23.4,22.32,1.22215,216.198,60.367,25.017
baad_ps_19242,Pinus sylvestris,Scots Pine,Vanninen2005,7.55,10.5,0.05985,14.547,62.067,23.85
baad_ps_19243,Pinus sylvestris,Scots Pine,Vanninen2005,9.05,12.19,0.09984,23.654,62.067,23.85
baad_ps_19244,Pinus sylvestris,Scots Pine,Vanninen2005,5.3,8.73,0.02452,7.239,62.067,23.85
baad_ps_19245,Pinus sylvestris,Scots Pine,Vanninen2005,6.75,9.77,0.04451,13.454,62.067,23.85
